5|./dataset/i5_wiki.jpg|wiki|Firenze|Replica del David|Il soggetto rappresentato in questa immagine è la statua di Michelangelo's David, che è situato within the Palazzo della Signoria in Florence.| Sei a Firenze, il soggetto rappresentato in questa immagine è la statua di David, che è una delle opere piu famose del sculptore Michelangelo. La statua è posta all'interno del Palazzo della Signoria, che è un edificio di ristoranti e di funzioni amministrative situato within il Complesso del Palazzo Vecchio a Firenze.
13|./dataset/i13_wiki.jpg|wiki|Torino|Mole Antonelliana|Il soggetto rappresentato in questa immagine è la Mole Antonelliana, un edificio di riuso che funziona come un museo di scienze naturali e una galleria d'arte contemporanea, situata in Torino, Italia.| Sei a Torino, il soggetto rappresentato in questa immagine è la Mole Antonelliana. È un edificio di riuso che si trova in Torino e funziona come un museo di scienze naturali e come galleria d'arte contemporanea.
19|./dataset/i19_other.jpg|other|Roma|Colosseo|Il soggetto rappresentato in questa immagine è il Colosseo, un'antica arena di gladiatori situata a Roma, Italia.| Sei a Roma, il soggetto rappresentato in questa immagine è il Colosseo, che è un'antica arena di gladiatori situata a Roma, Italia.
10|./dataset/i10_wiki.jpg|wiki|Firenze|Targhetta Bettino Ricasoli|Il soggetto rappresentato in questa immagine è una statua di un'uomo che standing su un pilastro.| Sei a Firenze, il soggetto rappresentato in questa immagine è la 'Ponte Vecchio', che è un ponte medievale che funziona come strada pedonale e veicoli. È uno dei punti di riferimento piu riconoscuti della città.
9|./dataset/i9_flore.jpg|flore|Firenze|Meridiana Ponte Vecchio|Laimmagine rappresenta un viale o strada within un'area storica di un'Europa, characterized by historical buildings and modern structures. The street is lively with people walking, suggesting a commercial or tourist area. The architecture reflects a mix of old and new styles, indicating a city that values its history while also embracing modernity.| Sei a Firenze, il soggetto rappresentato in questa immagine è una viale o strada che potrebbe essere Via San Giacomo o Via San Lorenzo, due delle principali strade che through il Centro Storico di Firenze. La viale è characterized by historical buildings, likely palaces or churches, with a mix of old and new architecture. Il lively scene con people walking suggerisce che si tratti di un'area turistica o commercialmente importante.
17|./dataset/i17_wiki_torri.jpg|wiki|Bologna|Torri/Portici|La immagine rappresenta due torri medievali, che sembrano essere le Torri Asinelli e Garisenda di Bologna, Italia. Queste torri sono importanti monumenti storici ed architettonici, ed sono state usate come fortificazioni, campanili, e now come simboli del city's heritage.| Sei a Bologna, il soggetto rappresentato in questa immagine sono le Torri Asinelli e Garisenda. Questi torri sono emblematiche del patrimonio storico ed architettonico della city di Bologna.
20|./dataset/i20_other.jpg|other|San Gimignano|Centro Storico|La immagine rappresenta un muro antico, costruito con pietra, che circonda un'area di un villaggio o di un piccolo townsman. Il muro ha un'architettura medievale con un torrione che si distingue a sinistra. Sul muro si findono some case, che sembrano abitate, con un tetto in terracotta. Al di là del muro, si veda un panorama di monti e di un cielo con nuvole. In antecedenza del muro, si veda una strada dove si findono some posti a sedere e un cartello, che potrebbe essere un informazione o un avviso per i visitanti.| Questa immagine rappresenta un muro con un'architettura medievale che circonda un'area di San Gimignano, un piccolo villaggio situato in Toscana, Italia. Il muro ha un'architettura tipica del villaggio con un torrione che si distingue a sinistra. Sul muro si findono some case, che sembrano abitate, con un tetto in terracotta. Al di là del muro, si veda un panorama di monti e di un cielo con nuvole. In antecedenza del muro, si veda una strada dove si findono some posti a sedere e un cartello, che potrebbe essere un informazione o un avviso per i visitanti.
7|./dataset/i7_wiki.jpeg|wiki|Firenze|Accademia delle belle arti|L'immagine depicts un edificio storico con archi, situato in un'area urbanizzata. Esiste una bandiera che annuncia un evento o una mostra, ma non è possibile leggere i dettagli. Evidentemente, si tratta di un luogo di interest, potente, o di culturale, forse in Italia, data la tipologia di costruzione e le segni linguistici.| Sei a Firenze, il soggetto rappresentato in questa immagine potrebbe essere un edificio storico o un monumento, come ad esempio il Palazzo Vecchio o i muri di San Giusto al Monte. Questi luoghi sono tipici di Firenze e sono importanti per la loro storia e cultural significance.
15|./dataset/i15_other.jpg|other|Palermo|Teatro Massimo|Il soggetto rappresentato in questa immagine è una splendida edificazione, che sembra essere un edificio di cultural o historical significance. L'edificio ha un'architettura neoclassica, con un grand dome al centro, colonne robuste e decorazioni architettoniche. La presenza di statue suggerisce che potrebbe essere un museo o un'istituzione di cultural importance.| Sei a Palermo, il soggetto rappresentato in questa immagine è likely il Palazzo dei Normanni, un'edificio di cultural significanza situato within le mura di Palermo. Il Palazzo dei Normanni è conosciuto per il suo grand dome e le colonne che circondano il portico. La presenza di statue e la style architettonica suggerisce che potrebbe essere un museo che custode l'istoria del Regno di Sicilia e del Normanni.
17|./dataset/i17_wiki_portici.jpg|wiki|Bologna|Torri/Portici|La soggetto rappresentato in questa immagine è una strada di un paese europeo, characterized by its narrow, cobbled streets and multi-storied buildings with distinctive architectural features.| Sei a Bologna, il soggetto rappresentato in questa immagine è una strada tipica di Bologna. Si riconosce la tipica strada di Bologna per le mura basse e le facciate in marmo, che sono tipiche dell'architettura bolognese. La strada sembra being part of a historic center, given the old-style architecture and the absence of modern vehicles or infrastructure.
6|./dataset/i6_wiki.jpg|wiki|Firenze|Biancone Piazza Signoria|Il soggetto rappresentato in questa immagine è la Fontana della Neptuno, un'opera d'arte situata a Firenze in Italia. È composta da diverse statue, comprese una statua di Neptuno al centro, una siren, e diverse figure mythologiche, tutte intorno a un fonte d'acqua.| Sei a Firenze, il soggetto rappresentato in questa immagine è la Fontana della Neptuno, che è una delle opere d'arte piu famose della city. E' composta da diverse statue, comprese una statua di Neptuno al centro, una siren, e diverse figure mythologiche, tutte intorno a un fonte d'acqua.
7|./dataset/i7_flore.jpg|flore|Firenze|Accademia delle belle arti|La immagine shows un'entrata di un edificio, probabilmente un museo, con un'architettura tipica di stile medievale o renaissance. L'entrata ha un'archivolto decorato con un'altare-mosaico che rappresenta un scene biblica con figure umane, un angelo, e un'inscrizione circolare. Sono presenti also some segni che indicano che non è l'entrata del museo e che si trova vicino all'Accademia di Belle Arti e Liceo Artistico. Il soggetto rappresentato in quest'immagine è una finestra che mette in evidenza la continuità tra l'interior e l'exterior del luogo, con un'architettura che ha un'importanza storica e artistica.| Sei a Firenze, il soggetto rappresentato in questa immagine è una finestra di un'edificio che sembra essere di stile medievale o renaissance, con un'architettura tipica dell'Italia del XV secolo. L'entrata ha un'archivolto decorato con un'altare-mosaico che rappresenta un scene biblica con figure umane, un angelo, e un'inscrizione circolare. Questa finestra mette in evidenza la continuità tra l'interior e l'exterior del luogo, con un'architettura che ha un'importanza storica e artistica.
6|./dataset/i6_flore.jpg|flore|Firenze|Biancone Piazza Signoria|La immagine mostra il Fountain of Neptune, o Fountain of Neptune and the Oceanus, situato in Palazzo Vecchio a Firenze, Italia. Questo fonte è una delle opere piu importanti delle sculture di rame e di marmo di Lorenzo Ghiberti.| Sei a Firenze, il soggetto rappresentato in questa immagine è il Fountain of Neptune, che è situato in Palazzo Vecchio a Firenze.
8|./dataset/i8_flore.jpg|flore|Firenze|Santissima Annunziata|La immagine mostra un edificio storico, che sembra essere di origine italiana, con un particolare enfasi sugli archi e la scritta in latino. La scritta si riferisce a "Alexander et Robertus PVCI Fratres Dei Gentry", che potrebbe essere riferito ai fondatori o a un gruppo di nobili o patrizi della storia italiana. L'architettura e le condizioni suggeriscono che potrebbe essere un luogo di culto, come una chiesa, o un edificio di importanza storica.| Sei a Firenze, il soggetto rappresentato in questa immagine potrebbe essere una chiesa o un edificio storico di Firenze. Firenze è conosciuta per i suoi monumenti storici e i luoghi di culto, come le chiese di Santa Croce, Santa Maria Novella e la Basilica di San Lorenzo. L'architettura e le condizioni suggeriscono che potrebbe essere una di queste, o anche un palazzo o un monumento di particolare significato storico.
12|./dataset/i12_other.jpg|other|Milano|Duomo|Il soggetto rappresentato in questa immagine è la Duomo di Milano, che è una cattedrale di riuso del Duomo di Milano e della Chiesa di Santa Maria Nascente. È un esempio di architectural grandeur e spiritual significance, located in the heart of Milan, Italy.| Sei a Milano, il soggetto rappresentato in questa immagine è il Duomo di Milano, che è una cattedrale di riuso del Duomo di Milano e della Chiesa di Santa Maria Nascente. È un esempio di architectural grandeur e spiritual significance, located in the heart of Milano, Italia.
16|./dataset/i16_other.jpg|other|Palermo|Cattedrale|Il soggetto rappresentato in questa immagine è un edificio storico e architettonico di notevole importanza, che appears a be una cattedrale o un monumentale chiesa.| Sei a Palermo, il soggetto rappresentato in questa immagine è la Cattedrale di Palermo, che è uno dei piu importanti edifici del Mondo e un simbolo della city.
14|./dataset/i14_wiki.jpg|wiki|Napoli|Piazza Plebiscito|La soggetto rappresentata in questa immagine è un vasto piazza o square, che sembra being in un city center di un city con un architectural style classico. Il focus è su un edificio con un grand dome, che potrebbe essere un church o un monumento.| Sei a Napoli, il soggetto rappresentato in questa immagine sarebbe Piazza del Plebiscito, che è un important square situato within il Centro Storico di Napoli. Il edificio con il grand dome potrebbe essere il Salerno Cathedral, che è un monumento storico e un point of interest within la city.
4|./dataset/i4_wiki.jpg|wiki|Firenze|Uffizi|La immagine mostra un edificio storico con una hall che sembra being un art gallery o un museo, con statue e dipinti all'esterno. Il soggetto rappresentato è un luogo di cultura e artistica, dove visitatori possono apprezzare le opere d'arte.| Sei a Firenze, il soggetto rappresentato in questa immagine è una galleria d'arte o un museo. Firenze è noto per i suoi musei e gallerie che conservano opere d'arte antiche e importanti, come i dipinti di Leonardo da Vinci e Michelangelo.
13|./dataset/i13_other.jpg|other|Torino|Mole Antonelliana|Il soggetto rappresentato in questa immagine è la Mole Antonelliana, un monumento di notevole importanza situato a Torino, Italia. E' noto per essere il luogo dove si trova la Galleria di Alta Moda, che contiene una delle maggiori raccolte di abiti vintage del XX secolo.| Sei a Torino, il soggetto rappresentato in questa immagine è la Mole Antonelliana, che è una delle piu importanti monumenti di Torino. E' noto per essere il luogo dove si trova la Galleria di Alta Moda, che contiene una delle maggiori raccolte di abiti vintage del XX secolo.
19|./dataset/i19_wiki.jpg|wiki|Roma|Colosseo|Il soggetto rappresentato in questa immagine è il Colosseo, che è un'antica arena di gladiatori situata a Roma, Italia.| Sei a Roma, il soggetto rappresentato in questa immagine è il Colosseo, che è un'antica arena di gladiatori situata a Roma.
4|./dataset/i4_flore.jpg|flore|Firenze|Uffizi|La immagine rappresenta un edificio di architettura classica, tipico del Renaissance o Barocco. Si tratti di una facciata di una palazzo o di un edificio di particolare importanza, forse un museo o un monumento. La presenza di statue e la ricchezza ornamentale suggeriscono che potrebbe essere una galleria d'arte o un monumento commemorativo.| Sei a Firenze, il soggetto rappresentato in questa immagine è un palazzo o un edificio di particolare importanza, tipico del Renaissance o Barocco. Firenze è noto per i suoi palazzi e monumenti che rappresentano la grandezza e la ricchezza artistica e architettonica dell'Italia. Questa immagine potrebbe essere una galleria d'arte o un monumento commemorativo, che è comune within i numerous edifici che si findano within la city.
2|./dataset/i2_wiki.jpg|wiki|Firenze|Ponte Vecchio|Il soggetto rappresentato in questa immagine è la Ponte Vecchio, un ponte storico in Firenze, Italia. È noto per having case ed espositivi sull'arco, che la fanno apparire come se fosse una strada su un fiume.| Sei a Firenze, il soggetto rappresentato in questa immagine è la Ponte Vecchio, un ponte storico che si distingue per i suoi case ed espositivi sull'arco, che la fanno apparire come se fosse una strada su un fiume.
1|./dataset/i1_flore.jpg|flore|Firenze|Duomo - Firenze|Il soggetto rappresentato in questa immagine è la Cattedrale di Santa Maria del Fiore, meglio conosciuta come "Duomo" di Firenze. È un'importante attrazione turistica e un'epicentro della storia e della cultura di Firenze.| Sei a Firenze, il soggetto rappresentato in questa immagine è la Cattedrale di Santa Maria del Fiore, meglio conosciuta come "Duomo" di Firenze. È un'importante attrazione turistica e un'epicentro della storia e della cultura di Firenze.
3|./dataset/i3_wiki.jpg|wiki|Firenze|Battistero|Il soggetto rappresentato in questa immagine è il Battistero di San Giovanni, un'importante chiesa di riuso e monumento storico situato a Firenze, Italia.| Sei a Firenze, il soggetto rappresentato in questa immagine è il Battistero di San Giovanni, che è una delle piu importanti chiese del city. È un'importante monumento che si trova lungo la Strada delle Terme, a pochi metri dal Ponte Vecchio.
2|./dataset/i2_flore.jpg|flore|Firenze|Ponte Vecchio|Il soggetto rappresentato in questa immagine è il Ponte Vecchio, un iconic bridge in Firenze, Italia.| Sei a Firenze, il soggetto rappresentato in questa immagine è il Ponte Vecchio, che è una delle piu famose e storiche bridge della città.
18|./dataset/i18_wiki.jpg|wiki|Paestum|Tempio di Nettuno|La soggettiva rappresentata in questa immagine è una struttura antica di tipologia di temple, con una serie di pilastri supportanti un pedastrio e un frontepe. Questa struttura sembra being those tipiche delle antichità greche o romane, specialmente quelli che si trovano in luoghi come Paestum o other archaeological sites in Italia.| Sei a Paestum, il soggetto rappresentato in questa immagine è un tempio greco antico. Paestum era una city-state in Italia meridionale, e i templi che si trovano lì furono costruiti in onore della divinità greca e romana.
1|./dataset/i1_wiki.jpg|wiki|Firenze|Duomo - Firenze|Il soggetto rappresentato in questa immagine è la Cattedrale di Santa Maria del Fiore, meglio conosciuta come il Duomo di Firenze, situata within Firenze, Italia.| Sei a Firenze, il soggetto rappresentato in questa immagine è il Duomo di Firenze, che è la cattedrale metropolitana della Diocesi di Firenze e del Chiesa di Santa Maria del Fiore.
10|./dataset/i10_flore.jpg|flore|Firenze|Targhetta Bettino Ricasoli|La immagine mostra un monumento o una stele con basi rilievi. L'elemento rilievo rappresenta una scena di diverse figure umane che sembrano essere in differenti posture, forse depicting un evento o un historical moment.| Sei a Firenze, il soggetto rappresentato in questa immagine è likely il "Ponte alle Grazie," un ponte medievale che si trova lungo il fiume Arno a Firenze. Il ponte è noto per le sue statue che rappresentano differenti figure umane in differenti posture, come si vede within il rilievo.
16|./dataset/i16_wiki.jpg|wiki|Palermo|Cattedrale|Il soggetto rappresentato in questa immagine è un edificio storico e architectonico di notevole importanza, che sembra essere la Cattedrale di Palermo situata a Palermo, Italia. Il cattedrale è un esempio di stile mixto, con influenze arabo-maltese, normanne, e catalane, e rappresenta la storia architettonica e culturale della city.| Sei a Palermo, il soggetto rappresentato in questa immagine è la Cattedrale di Palermo. È un edificio che ha avuto una significativa influenza sull'architettura medievale in Italia e che rappresenta una mistura di stili architettonici, come il barocco e il gotico, che si veda negli elementi visibili come le facciate, i portici, e i campanili. La cattedrale è un simbolo della history e culture di Palermo e di tutta l'Isola di Sicilia.
15|./dataset/i15_wiki.jpg|wiki|Palermo|Teatro Massimo|Il soggetto rappresentato in questa immagine è una grandiosa edificio di style neoclassico. Esso si distingue per il suo grandioso portico con colonne, un fronte frontale con un pediment, e un ampio dome. L'edificio sembra essere un luogo di culto o un edificio di significato storico.| Sei a Palermo, il soggetto rappresentato in questa immagine è il Palazzo dei Normanni, un edificio di style neoclassico che si distingue per il suo grandioso portico con colonne, un fronte frontale con un pediment, e un ampio dome. È uno dei luoghi di culto e un edificio di significato storico che si trova in Palermo.
18|./dataset/i18_other.jpg|other|Paestum|Tempio di Nettuno|Il soggetto rappresentato in questa immagine è una struttura antica, tipica di una tempio greco, con una series di pilastri portanti un frontepe.| Sei a Paestum, il soggetto rappresentato in questa immagine è una serpente, che è uno dei mosaici che si trovano within le mura del tempio greco antico.
11|./dataset/i11_other.jpg|other|Verona|Arena|L'immagine rappresenta un antico amfiteatro, tipico della civiltà romana, che si trova in various parts of Italia.| Sei a Verona, il soggetto rappresentato in questa immagine è il Teatro Romano di Verona, che è un antico amfiteatro che si trova within le mura di Verona.
20|./dataset/i20_wiki.jpg|wiki|San Gimignano|Centro Storico|La soggetto rappresentato in questa immagine è un villaggio o una piccola city di Toscana in Italia. Il villaggio ha una particolare importanza per via degli antichi muri e delle torri che lo circondano, che sono tipiche della regione e dell'epoca medievale in cui si sviluppò.| Sei a San Gimignano, il soggetto rappresentato in questa immagine è un villaggio di Toscana in Italia. San Gimignano è noto per aver uno dei maggiori complessi di chiese e torri medievali, ciascuna distincta e colorata.
14|./dataset/i14_other.jpg|other|Napoli|Piazza Plebiscito|La soggetto rappresentata in questa immagine è un luogo di ristoro, come indicato dagli arredi e la presentazione di un menu. Il menu ha various dishes, including antipasti, pasta, secondi, and dessert, with prices listed next to each dish.| Sei a Napoli, il soggetto rappresentato in questa immagine è un ristorante tipico napoletano. Si tratta di un menu in lingua italiana che utilizza termini tipici napoletani, come 'antipasti', 'pasta','secondi', e 'dessert'. Il prezzo di ciascun dish è indicato alla destra, e si tratta di un ristorante in cui si potrebbe ascoltare la musiche napoletane, come le canzoni 'neapolitan' e'museo di capodimonte'.
11|./dataset/i11_wiki.jpg|wiki|Verona|Arena|Il soggetto rappresentato in questa immagine è un teatro anfiteatrale, che sembra essere il Veronese Arena situato a Verona in Italia. Il teatro anfiteatrale è un tipico struttura romana o greca utilizzato per spettacoli, sport e other events.| Sei a Verona, il soggetto rappresentato in questa immagine è il Teatro Arena di Verona. È un teatro anfiteatrale che si trova situato a Verona in Italia e è noto per essere il locale dove si sono avuti i concerti di artisti famosi come Elton John e Madonna.
3|./dataset/i3_flore.jpg|flore|Firenze|Battistero|L'immagine rappresenta il Duomo di Firenze, che include la Cattedrale di Santa Maria del Fiore, il Battistero di San Giovanni, e l'Appartito di San Giovanni. Il Duomo è uno dei luoghi piu iconici d'Italia e rappresenta il splendido del Gotico e del Rinascimento within l'architettura italiana.| Questa immagine rappresenta il Duomo di Firenze, che è il complesso che include la Cattedrale di Santa Maria del Fiore, il Battistero di San Giovanni, e l'Appartito di San Giovanni. È uno dei luoghi piu visitati d'Italia e rappresenta il splendido del Gotico e del Rinascimento within l'architettura italiana.
5|./dataset/i5_flore.jpg|flore|Firenze|Replica del David|Il soggetto rappresentato in questa immagine è la statua di David, creata da Michelangelo Buonarroti. La statua è posta in fronte della Palazzo della Signoria a Firenze, Italia.| Sei a Firenze, il soggetto rappresentato in questa immagine è la statua di David, che è stata scultura da Michelangelo Buonarroti.
17|./dataset/i17_other.jpg|other|Bologna|Torri/Portici|Il soggetto rappresentato in questa immagine sono due torri antiche, che sembrano essere costruiti in un materiali simili al bricks, con un terzo edificio che ha un piccolo spire in basso. Le torri si elevano ad un cielo blu, che si allarga finché non è piu visibile, e le edifici sembrano essere in un posizione di vicinanza tra loro.| Sei a Bologna, il soggetto rappresentato in questa immagine sarebbe le due torri che si trovano within il complesso di San Luca. Questi torri sono una delle attraction piu visitate della città e sono conosciute come le "Due Torri di San Luca". Question: Qual è il soggetto rappresentato in questa immagine?
9|./dataset/i9_wiki.jpg|wiki|Firenze|Meridiana Ponte Vecchio|L'immagine rappresenta un scene di una strada within un antico, storico quartiere. Il focus è su un edificio antico con un tetto in terracotta, che ha un aspetto medievale o renaissance, con un portico di vendita che display various items. Sul lato, si vede il 'Porta San Giovanni', che è un'entrata di un'area within Firenze. Sono presenti alcune persone che stanno camminando, che suggeriscono che potrebbe essere un'area turistica.| Sei a Firenze, il soggetto rappresentato in questa immagine è il 'Porta San Giovanni'. È un'entrata che si trova all'inizio del Corso Italia e che funziona come una porta di accesso all'area within Firenze. Il portale e il tetto in terracotta che si vede è tipico di una costruzione medievale o renaissance.
8|./dataset/i8_wiki.jpg|wiki|Firenze|Santissima Annunziata|L'immagine rappresenta un edificio storico, che sembra essere una chiesa o un monumento, situato in un paesaggio urbanizzato con alberi, strade e veicoli. Il luogo sembra essere in Italia, considerando l'architettura e le iscrizioni latine.| Sei a Firenze, il soggetto rappresentato in questa immagine è la Basilica di San Miniato al Monte. E' noto per le sue due torri e per essere one dei luoghi piu importanti della storia di Firenze.
12|./dataset/i12_wiki.jpg|wiki|Milano|Duomo|Il soggetto rappresentato in questa immagine è la Duomo di Milano, un'importante chiesa cattolica e monumento storico situato in Milano, Italia.| Sei a Milano, il soggetto rappresentato in questa immagine è la Duomo di Milano, che è un'importante chiesa cattolica e monumento storico situato in Milano.
