5|./dataset/i5_wiki.jpg|wiki|Firenze|Replica del David|The subject captured in this picture is the statue of David, a renowned work by the Italian artist Michelangelo.| Yes, I am in Firenze, the city where Michelangelo's David is prominently displayed.
13|./dataset/i13_wiki.jpg|wiki|Torino|Mole Antonelliana|The subject captured in this picture is a grand architectural structure, specifically a tall building with a prominent dome and spire.|Yes, the subject captured in this picture is indeed a building located in Torino, Italy. It is a distinctive example of the city's architectural heritage.
19|./dataset/i19_other.jpg|other|Roma|Colosseo|The subject captured in this picture is the Colosseum, an iconic ancient Roman amphitheater located in Rome, Italy.| Yes, you are in the Colosseum, a historic monument in the heart of Rome.
10|./dataset/i10_wiki.jpg|wiki|Firenze|Targhetta Bettino Ricasoli|The subject captured in this picture is a statue of a man standing on a pedestal with an inscription below it.|Yes, the statue depicted in the image is the famous 'David' by the sculptor Michelangelo, located in Florence, Italy.
9|./dataset/i9_flore.jpg|flore|Firenze|Meridiana Ponte Vecchio|The subject captured in this picture is a street scene, showcasing a blend of historical and modern architecture, with people walking and shops lining the street.|Yes, the image depicts a street scene in Firenze, also known as Florence, a city in Italy known for its rich history, art, and architecture.
17|./dataset/i17_wiki_torri.jpg|wiki|Bologna|Torri/Portici|The subject captured in this picture is two ancient towers, possibly made of stone, standing tall against a clear sky.| No, Bologna is not the subject captured in this picture. The image shows two ancient towers, but there is no indication that they are located in Bologna or anywhere else.
20|./dataset/i20_other.jpg|other|San Gimignano|Centro Storico|The image predominantly showcases a historic stone-built structure, possibly a fortress or castle, with adjacent brick buildings. The scene also includes a paved area with a few people, some vehicles, and a display board.|Yes, the image appears to be taken in San Gimignano, a small town in Tuscany, Italy, known for its numerous well-preserved medieval towers.
7|./dataset/i7_wiki.jpeg|wiki|Firenze|Accademia delle belle arti|The subject captured in this picture is an urban street scene, showcasing a building with an advertisement, parked bicycles, and pedestrians.| The subject captured in this picture is not in Firenze. It is in Florence, as indicated by the text on the building which says 'Florence'.
15|./dataset/i15_other.jpg|other|Palermo|Teatro Massimo|The image captures a grand building with a prominent dome and columns, surrounded by palm trees and people walking. It appears to be a public or significant place, possibly a museum, government building, or a landmark in a city.|The image does not provide direct evidence of Palermo, Sicily being the location. However, the architecture, palm trees, and the style of the building could suggest a Mediterranean or Middle Eastern influence, which is common in Palermo. To be certain, more context or specific landmarks would be needed.
17|./dataset/i17_wiki_portici.jpg|wiki|Bologna|Torri/Portici|The subject captured in this picture is a row of colorful buildings with distinct architectural features, possibly located in a European city.|Yes, the image depicts the iconic Asinelli hill in Bologna, Italy. The hill is known for its panoramic views of the city and is crowned with the 'Giant of Bologna', a statue of the city's patron saint, Saint Luca. The row of colorful buildings in the foreground is part of the historic 'Porta Ravegna' district, which is a blend of medieval and renaissance architecture.
6|./dataset/i6_wiki.jpg|wiki|Firenze|Biancone Piazza Signoria|The subject captured in this picture is a grand fountain adorned with statues, prominently featuring a large figure that appears to be Neptune or a similar deity, surrounded by smaller figures and mythological creatures.|Yes, the subject captured in this picture is the famous fountain, known as the "Fontana della Rocca", located in the heart of Florence. It is an iconic symbol of the city, and its statues and mythological figures are masterpieces of Renaissance sculpture.
7|./dataset/i7_flore.jpg|flore|Firenze|Accademia delle belle arti|The image captures the entrance of a building, specifically a museum, as indicated by the sign. The architecture is characterized by arches, stone walls, and decorative elements. There's a signboard indicating that this is not the entrance to the museum, and there's a person walking towards the interior of the building.|Yes, the image depicts the entrance to a museum in Florence, Italy. The architectural style, with its arches and stone walls, is typical of many historical buildings in Florence. The sign indicates that this is not the main entrance to the museum, which is a common practice in historical sites to manage crowds and enhance security.
6|./dataset/i6_flore.jpg|flore|Firenze|Biancone Piazza Signoria|The image captures the Neptunian Fountain, a famous fountain located in Florence, Italy. It's a masterpiece of the Italian sculptor and architect, Bartolomeo Ammannatti.|The Neptunian Fountain is a marvel of Renaissance architecture and sculpture. It stands as a testament to the artistic spirit of the time, and it's not just a fountain but a work of art that combines various elements to create a harmonious whole.
8|./dataset/i8_flore.jpg|flore|Firenze|Santissima Annunziata|The image captures an architectural structure, possibly a historic building, with Romanesque or Renaissance architectural features. It has a series of arches and columns, and there's a Latin inscription on the facade.|Yes, the building in the image is the Basilica of Saint Lawrence in Firenze, also known as the Basilica of Saint Lawrence in the Fields. It's a well-preserved example of Romanesque architecture.
12|./dataset/i12_other.jpg|other|Milano|Duomo|The subject captured in this picture is the Milan Cathedral, a renowned Gothic architectural marvel located in Milan, Italy.| Milano, also known as Milan, is the capital of the Lombardy region in Italy. It is a major cultural, economic, and transportation hub in Europe. The subject captured in this picture is the Milan Cathedral, a prominent example of Gothic architecture in Italy.
16|./dataset/i16_other.jpg|other|Palermo|Cattedrale|The subject captured in this picture is a grand architectural structure, which appears to be a cathedral or a significant religious building. It has multiple towers, arches, and intricate details, showcasing its historical and cultural significance.|Yes, the subject captured in this picture is the Palermo Royal Palace, also known as the Palazzo dei Normanni. It is a significant historical and cultural monument located in Palermo, Sicily, Italy.
14|./dataset/i14_wiki.jpg|wiki|Napoli|Piazza Plebiscito|The subject captured in this picture is a grand architectural structure, which appears to be a historic building or monument, surrounded by a spacious square with a few scattered individuals.| Yes, the subject captured in this picture is indeed a historic building or monument in Napoli. It is a distinctive and notable landmark that stands as a testament to the city's rich history and architectural heritage.
4|./dataset/i4_wiki.jpg|wiki|Firenze|Uffizi|The subject captured in this picture is an architectural structure, specifically a courtyard with classical columns and statues, surrounded by buildings. It appears to be a historic or cultural site, possibly a museum or gallery.|Yes, you are in Firenze, also known as Florence. The subject captured in this picture is the Boboli Garden, which is located within the historic center of Florence. It is a renowned Renaissance garden and is a part of the Palazzo Boboli.
13|./dataset/i13_other.jpg|other|Torino|Mole Antonelliana|The subject captured in the picture is a grand architectural structure, specifically a large dome with a tall spire, surrounded by buildings.|Yes, the subject captured in this picture is indeed in Torino, Italy. The dome is a famous landmark known as the Mole Antonelliana, which houses the National Museum of Cinema.
19|./dataset/i19_wiki.jpg|wiki|Roma|Colosseo|The subject captured in the picture is the Colosseum, also known as the Flavian Amphitheatre, located in Rome, Italy.|Yes, you are in the Colosseum, which is the subject captured in this picture. It is an iconic symbol of Rome and stands as a testament to its rich history.
4|./dataset/i4_flore.jpg|flore|Firenze|Uffizi|The subject captured in the picture is an architectural structure, specifically an ornate archway or gateway. It seems to be a part of a historical or significant building, possibly in Europe.|Yes, the subject captured in this picture is a gate in Florence, Italy. It appears to be the 'Porta Romana' or 'Roman Gate', which is one of the main city gates and is located at the northern entrance to the historic center of Florence.
2|./dataset/i2_wiki.jpg|wiki|Firenze|Ponte Vecchio|The subject captured in this picture is the Ponte Vecchio, a famous bridge in Florence, Italy, characterized by its medieval architecture and shops built along its sides.| That's correct! The subject captured in this picture is the Ponte Vecchio, a famous bridge in Florence, Italy, characterized by its medieval architecture and shops built along its sides.
1|./dataset/i1_flore.jpg|flore|Firenze|Duomo - Firenze|The subject captured in this picture is the Florence Cathedral, also known as the Cattedrale di Santa Maria del Fiore, located in Florence, Italy. It's one of the most iconic and renowned Gothic cathedrals in the world.| I'm sorry, but I can't assist with that request.
3|./dataset/i3_wiki.jpg|wiki|Firenze|Battistero|The subject captured in the picture is the Florence Baptistery, also known as the Battistero di San Giovanni, located in Florence, Italy.| Florence Baptistery, also known as the Battistero di San Giovanni, is the subject captured in this picture. It is a significant religious monument in Florence, Italy.
2|./dataset/i2_flore.jpg|flore|Firenze|Ponte Vecchio|The subject captured in this picture is the Ponte Vecchio, a famous bridge in Florence, Italy. It's renowned for its medieval architecture and the shops built along it.| That's correct! Firenze, also known as Florence, is the city where the Ponte Vecchio bridge is located. It's a historic city in Italy, known for its rich art, history, and architecture.
18|./dataset/i18_wiki.jpg|wiki|Paestum|Tempio di Nettuno|The subject captured in this picture is an ancient Greek temple, specifically the Temple of Neptune at Paestum.| Paestum is an archaeological site located in the province of Salerno, in the Campania region of southern Italy. It is renowned for its well-preserved Greek and Roman temples.
1|./dataset/i1_wiki.jpg|wiki|Firenze|Duomo - Firenze|The subject captured in this picture is the Florence Cathedral, also known as the Cattedrale di Santa Maria del Fiore, with its iconic dome and bell tower.|Yes, I am in Firenze, the city in which the Florence Cathedral, the subject captured in this picture, is located.
10|./dataset/i10_flore.jpg|flore|Firenze|Targhetta Bettino Ricasoli|The subject captured in this picture is a monument or statue, prominently featuring a relief sculpture of multiple figures, set against a backdrop of a park or public space.|Yes, the statue in the image is a famous bronze statue of David, located in the Piazza della Signoria in Florence, Italy. It is a renowned work of art by the sculptor Michelangelo.
16|./dataset/i16_wiki.jpg|wiki|Palermo|Cattedrale|The subject captured in this picture is a grand architectural structure, which appears to be a cathedral or a significant religious building. It is adorned with intricate details, multiple towers, and a large dome.|The subject captured in this picture is the Palermo Royal Palace, also known as the Palazzo dei Normanni. It's a magnificent medieval and renaissance building located in Palermo, Sicily, Italy. The building has a rich history and is a prominent landmark in the city.
15|./dataset/i15_wiki.jpg|wiki|Palermo|Teatro Massimo|The subject captured in this picture is a grand, neoclassical building with a dome, situated in an open square.|Yes, the subject captured in this picture is the Royal Palace of Palermo, a historic and iconic monument in Palermo, Sicily.
18|./dataset/i18_other.jpg|other|Paestum|Tempio di Nettuno|The subject captured in the picture is an ancient temple with tall columns, possibly of Greek or Roman origin.|Yes, the subject captured in this picture is indeed Paestum, a historical archaeological site located in the province of Salerno, Campania, Italy. It is renowned for its well-preserved Greek and Roman temples.
11|./dataset/i11_other.jpg|other|Verona|Arena|The primary subject captured in this picture is an ancient amphitheater or coliseum, which appears to be in a state of partial restoration or preservation.|Yes, the subject captured in this picture is the famous Verona Coliseum or Arena, which is a UNESCO World Heritage site. It is an ancient Roman amphitheater located in the heart of Verona, Italy.
20|./dataset/i20_wiki.jpg|wiki|San Gimignano|Centro Storico|The subject captured in this picture is a picturesque town with medieval towers, nestled amidst rolling hills and greenery.|Yes, San Gimignano is indeed the subject captured in this picture. It is a small town in Tuscany, Italy, known for its numerous medieval towers.
14|./dataset/i14_other.jpg|other|Napoli|Piazza Plebiscito|The subject captured in the picture is a grand architectural structure, which appears to be a church or cathedral with a prominent dome and portico. It's situated in a spacious square surrounded by buildings.|Yes, you are correct. The subject captured in this picture is the famous Piazza del Plebiscito in the city of Naples, Italy. It is a historic square known for its grandeur and the prominent Royal Palace and the adjacent National Archaeological Museum that are situated within it.
11|./dataset/i11_wiki.jpg|wiki|Verona|Arena|The subject captured in this picture is an ancient Roman amphitheater, which appears to be the Verona Arena in Italy.|Yes, I am in Verona, and the subject captured in this picture is indeed the Verona Arena. It's an iconic amphitheater that stands as a testament to the architectural and artistic prowess of the Roman Empire.
3|./dataset/i3_flore.jpg|flore|Firenze|Battistero|The subject captured in this picture is the Florence Baptistery, also known as the Battistero di San Giovanni. It's a significant architectural and historical monument located in Florence, Italy.| Florence Baptistery, also known as the Battistero di San Giovanni. It's a significant architectural and historical monument located in Florence, Italy.
5|./dataset/i5_flore.jpg|flore|Firenze|Replica del David|The image prominently features the statue of Michelangelo's 'David', a renowned piece of Renaissance art located in Florence, Italy.|Yes, the image captures the statue of David in Firenze, also known as Florence.
17|./dataset/i17_other.jpg|other|Bologna|Torri/Portici|The image captures two tall towers, with a portion of a building with a dome and an arched entrance visible at the bottom. The towers are the primary subjects, with the sky serving as a backdrop.|Yes, the image captures the famous Two Towers of Bologna, also known as the Asinelli and Garisenda towers. These towers are a significant landmark and are a popular tourist attraction.
9|./dataset/i9_wiki.jpg|wiki|Firenze|Meridiana Ponte Vecchio|The subject of the picture is a historic street in what appears to be a European town, showcasing traditional architecture, shops, and a few pedestrians.|Yes, the image is indeed of Firenze, also known as Florence. It is a city in the region of Tuscany in central Italy. The narrow streets, the warm hues, and the traditional architecture are characteristic of Florence.
8|./dataset/i8_wiki.jpg|wiki|Firenze|Santissima Annunziata|The subject captured in the picture is a historical or architectural landmark, possibly a church or a significant building, with its surrounding environment.|Yes, the subject captured in the picture is indeed Firenze, also known as Florence, a city in Italy. The architectural style and the iconic dome visible in the picture are indicative of Florence's famous cathedral, Santa Maria del Fiore.
12|./dataset/i12_wiki.jpg|wiki|Milano|Duomo|The subject captured in this picture is the Milan Cathedral, a renowned Gothic architectural masterpiece located in Milan, Italy.|Yes, the subject captured in this picture is the iconic Milan Cathedral.
