5|./dataset/i5_wiki.jpg|wiki|Firenze|Replica del David|The subject captured in the picture is a statue of a man.|Yes, the image captures a scene from Florence, Italy, specifically showcasing a statue of a male figure, which is a common sight in the city's historic center.
13|./dataset/i13_wiki.jpg|wiki|Torino|Mole Antonelliana|The image shows a tall, ornate building with a distinctive spire and a series of windows along its facade. The architecture suggests it could be a historical or government building, possibly a capitol or a cathedral.|Yes, the image shows the Mole Antonelliana, which is located in Torino, Italy.
19|./dataset/i19_other.jpg|other|Roma|Colosseo|The Colosseum in Rome|Yes, the image shows the Colosseum in Rome, Italy.
10|./dataset/i10_wiki.jpg|wiki|Firenze|Targhetta Bettino Ricasoli|The image shows a statue of a man standing on a pedestal with inscriptions. The statue is surrounded by a metal fence, and there are trees and a building in the background. The pedestal has the inscription 'MONUMENTO ALEXANDRO MONTEIRO DE SILVA'.|The image shows a statue of a man standing on a pedestal with the inscription "MERCOLEDIE" visible, surrounded by trees and a fence. There is no clear indication that this is Firenze, as the image does not provide any distinctive landmarks or features that would confirm the location.
9|./dataset/i9_flore.jpg|flore|Firenze|Meridiana Ponte Vecchio|The image shows a street view with a prominent old building featuring a weather vane on top. There are people walking on the street, and other buildings can be seen in the background.|Yes, the image depicts a street scene from Florence, Italy, characterized by its historic architecture and cobblestone streets.
17|./dataset/i17_wiki_torri.jpg|wiki|Bologna|Torri/Portici|The image shows two tall, narrow towers that are likely part of a historical or medieval structure. They are made of stone and have a rectangular shape with a flat top. The towers are standing close to each other, and there is a building with a red-tiled roof in the background. The sky is clear, suggesting it might be a sunny day.|Yes, the image shows the Bologna cityscape, specifically featuring the two prominent towers known as the Asinelli and the Glocke.
20|./dataset/i20_other.jpg|other|San Gimignano|Centro Storico|The image shows a historical stone wall with a building attached to it, featuring arched doorways and windows. There are also some modern elements like a bench, a street lamp, and a signboard visible in the foreground.|Yes, the image shows the historic center of San Gimignano, a town in Tuscany, Italy, known for its medieval towers and well-preserved architecture.
7|./dataset/i7_wiki.jpeg|wiki|Firenze|Accademia delle belle arti|The subject of the picture is a building with a banner that reads "MORBOSI".|Yes, the image appears to be taken in Firenze, Italy, as indicated by the architectural style of the building and the presence of a 'MORBOSI' sign, which is a well-known Florentine restaurant.
15|./dataset/i15_other.jpg|other|Palermo|Teatro Massimo|The image shows a large, classical-style building with a dome, columns, and a flagpole with a flag. There are people walking in front of the building, and palm trees are visible in the background.|Yes, the image shows a building that resembles the Palermo Cathedral in Sicily, Italy.
17|./dataset/i17_wiki_portici.jpg|wiki|Bologna|Torri/Portici|The image shows a row of colorful buildings with balconies, likely in a European city.|Yes, the image depicts a street scene from Bologna, Italy, characterized by its traditional architecture and vibrant facades.
6|./dataset/i6_wiki.jpg|wiki|Firenze|Biancone Piazza Signoria|The subject of the picture is a fountain with sculptures.|Yes, the image captures a scene from Florence, Italy, specifically the Piazza della Signoria where the Fountain of Neptune is located.
7|./dataset/i7_flore.jpg|flore|Firenze|Accademia delle belle arti|The image shows a sign that reads "THIS IS NOT THE ENTRANCE TO THE MUSEUM" placed in front of an archway that appears to lead to a museum entrance. The archway is decorated with a mosaic above the doorway, and there are metal bars on the left side of the image, suggesting it might be a secured area. The ground is tiled, and there is a person walking in the background, which adds to the context that this is a public space, likely a museum.|Yes, the image appears to be taken in Firenze, Italy, as indicated by the architectural style and the sign in Italian.
6|./dataset/i6_flore.jpg|flore|Firenze|Biancone Piazza Signoria|The subject of the picture is a fountain with sculptures.|Yes, the image captures a scene from Florence, Italy, specifically a fountain with sculptures that are characteristic of Renaissance art.
8|./dataset/i8_flore.jpg|flore|Firenze|Santissima Annunziata|The image shows a classical architectural structure with a series of arches and columns. The building appears to be a historical or cultural site, possibly a museum or a public building, given the presence of bicycles and people who seem to be tourists or visitors. The architecture suggests a design from the Renaissance or Baroque period, characterized by the rounded arches and the use of columns.|Yes, the image depicts a scene from Florence, Italy, specifically a view of the entrance to the Palazzo Vecchio, which is a historic building in the Piazza della Signoria.
12|./dataset/i12_other.jpg|other|Milano|Duomo|The subject of the picture is a cathedral with intricate architectural details and a crowd of people in front of it.|The image shows a grand, ornate building with Gothic architectural features, including pointed arches, intricate carvings, and statues. The presence of numerous windows and the overall design suggest that this is a cathedral. Given the description and the architectural style, the most likely answer is that this is the Milan Cathedral, also known as the Duomo di Milano, which is a famous landmark in Milan, Italy.
16|./dataset/i16_other.jpg|other|Palermo|Cattedrale|The image shows a large, historic building with a prominent tower and a clock. It appears to be a cathedral or a similar religious structure, characterized by its Gothic architectural elements such as pointed arches and a rose window. The building is made of light-colored stone and has multiple spires and buttresses. In the foreground, there is a paved courtyard with a pattern of small, square stones. The sky is overcast, and there are palm trees and other greenery around the building, suggesting a warm climate.|Yes, the image shows a view of Palermo, specifically the Cathedral of Palermo, which is a significant landmark in the city.
14|./dataset/i14_wiki.jpg|wiki|Napoli|Piazza Plebiscito|The image shows a large open square with a prominent building featuring a dome in the center. The building appears to be a significant historical or cultural site, possibly a museum or a government building, given its grand architecture and the presence of a dome which is often associated with such structures.|Yes, the image shows a view of the Piazza del Plebiscito in Naples, Italy.
4|./dataset/i4_wiki.jpg|wiki|Firenze|Uffizi|The image shows a large, open courtyard surrounded by classical architecture with columns and arches. There are people walking around and some are standing under umbrellas.|Yes, the image depicts a scene from Florence, Italy, specifically the interior of the Uffizi Gallery, which is a renowned art museum in the city.
13|./dataset/i13_other.jpg|other|Torino|Mole Antonelliana|The image shows a tall, ornate building with a pointed spire and intricate architectural details. It appears to be a historical or governmental building, possibly a capitol or a cathedral.|Yes, the image shows the Palazzo della Consulta, which is located in Torino, Italy.
19|./dataset/i19_wiki.jpg|wiki|Roma|Colosseo|The Colosseum in Rome|Yes, the image shows the Colosseum in Rome, Italy.
4|./dataset/i4_flore.jpg|flore|Firenze|Uffizi|The image shows a section of a classical building with an archway. The architecture features columns, a pediment with sculptural elements, and windows with shutters. The sky is visible through the archway, suggesting the photo was taken from below looking upwards.|The image shows a section of a building with classical architectural features, including a pediment with sculptures, columns, and arches. However, without more context or distinctive landmarks, it is not possible to confirm if this is Firenze or any other specific location.
2|./dataset/i2_wiki.jpg|wiki|Firenze|Ponte Vecchio|A bridge over a river|Yes, the image depicts a scene from Florence, Italy, showcasing the iconic Ponte Vecchio bridge over the Arno River.
1|./dataset/i1_flore.jpg|flore|Firenze|Duomo - Firenze|The image shows a large, historic building with a distinctive dome and intricate architectural details. It is the Florence Cathedral, also known as the Cathedral of Santa Maria del Fiore, located in Florence, Italy.|Yes, the image depicts the Florence Cathedral, also known as the Cattedrale di Santa Maria del Fiore, which is a famous landmark in Firenze, Italy.
3|./dataset/i3_wiki.jpg|wiki|Firenze|Battistero|The image shows a large, ornate building with a prominent dome and a spire, which is characteristic of Renaissance architecture. Given the style and the location, it is likely the Florence Cathedral, also known as the Cathedral of Santa Maria del Fiore.|Yes, the image shows a view of Florence, Italy, specifically the city's historic center with its distinctive architecture.
2|./dataset/i2_flore.jpg|flore|Firenze|Ponte Vecchio|The image shows a serene view of a river with buildings on either side, a bridge overhead, and a clear blue sky.|Yes, the image depicts a scene from Florence, Italy, recognizable by the distinctive architecture of the Ponte Vecchio bridge and the surrounding buildings.
18|./dataset/i18_wiki.jpg|wiki|Paestum|Tempio di Nettuno|The Parthenon.|Yes, the image shows the ancient Greek temples of Paestum, which are well-known archaeological sites in Italy.
1|./dataset/i1_wiki.jpg|wiki|Firenze|Duomo - Firenze|The image shows a famous cathedral with a distinctive dome and a bell tower.|Yes, the image depicts the Florence Cathedral, also known as the Cattedrale di Santa Maria del Fiore, which is a famous landmark in Firenze, Italy.
10|./dataset/i10_flore.jpg|flore|Firenze|Targhetta Bettino Ricasoli|The image shows a monument with a statue of a group of people.|The image shows a monument with a statue and a relief sculpture, set in a public space with trees and lamp posts in the background. The text in the image reads "Firenze," which is Italian for Florence. Therefore, the subject captured in this picture is Florence.
16|./dataset/i16_wiki.jpg|wiki|Palermo|Cattedrale|The image shows a large, historic building with a prominent dome and a clock tower. It appears to be a palace or a similar grand structure, possibly a royal or government building, given its architectural style and the presence of a clock tower which is often associated with such buildings.|Yes, the image shows the Palermo Cathedral, a renowned landmark in Palermo, Sicily, Italy.
15|./dataset/i15_wiki.jpg|wiki|Palermo|Teatro Massimo|The subject of the picture is a large, ornate building with a dome and columns, which appears to be a historical or governmental building.|Yes, the image shows a grand building that resembles the Palermo Cathedral in Sicily, Italy.
18|./dataset/i18_other.jpg|other|Paestum|Tempio di Nettuno|The image shows the ruins of an ancient Greek temple, characterized by its large columns and the remnants of a pediment.|Yes, the image shows the ancient Greek ruins of Paestum, a UNESCO World Heritage site located in Italy.
11|./dataset/i11_other.jpg|other|Verona|Arena|The image shows an ancient amphitheater with multiple levels of seating, which is a historical structure typically used for gladiatorial contests and public spectacles in the Roman Empire.|Yes, the image shows the Arena di Verona, a large amphitheater in Verona, Italy.
20|./dataset/i20_wiki.jpg|wiki|San Gimignano|Centro Storico|A town with historical buildings|Yes, the image depicts the historic center of San Gimignano, a town in Tuscany, Italy, known for its medieval towers and beautiful landscape.
14|./dataset/i14_other.jpg|other|Napoli|Piazza Plebiscito|The image shows a large, open square with a prominent building featuring a dome and columns in the center. The building appears to be a historical or governmental structure, possibly a capitol or a similar institution. The square is paved and there are people scattered around, suggesting it is a public space. The lighting indicates it might be early morning or late afternoon.|Yes, the image depicts a scene from Napoli, Italy, featuring the famous Piazza del Plebiscito.
11|./dataset/i11_wiki.jpg|wiki|Verona|Arena|The subject captured in this picture is an ancient Roman amphitheater.|Yes, the image shows the Colosseum in Verona, Italy.
3|./dataset/i3_flore.jpg|flore|Firenze|Battistero|The subject of the picture is a building with a distinctive architectural style.|Yes, the image depicts a scene from Florence, Italy, specifically the Piazza della Signoria where the Palazzo Vecchio is located.
5|./dataset/i5_flore.jpg|flore|Firenze|Replica del David|The subject of the picture is a statue of a male figure.|Yes, the image captures a scene from Firenze, Italy, specifically showcasing a statue of a male figure, which is a common sight in the city's historic center.
17|./dataset/i17_other.jpg|other|Bologna|Torri/Portici|The image shows two tall brick towers with a clear blue sky in the background. There is also a small structure with a dome and a weather vane on top, which appears to be a church spire or bell tower.|Yes, the image shows a view of Bologna, Italy, featuring the distinctive architecture of the city's historical buildings.
9|./dataset/i9_wiki.jpg|wiki|Firenze|Meridiana Ponte Vecchio|The image shows a traditional building with a tiled roof, possibly a historical or cultural site.|Yes, the image depicts a scene from Firenze, Italy, showcasing a traditional building with a distinctive architectural style.
8|./dataset/i8_wiki.jpg|wiki|Firenze|Santissima Annunziata|The image shows a historical building with a series of arches in front, which appears to be a church or cathedral. The architecture suggests it could be a significant landmark, possibly in Italy given the style of the building and the text 'BANCO DEL GENERATI' which is Italian for 'Bank of the Generals', indicating it might be a historical financial institution or a building with historical significance.|Yes, the image depicts a scene from Florence, Italy, specifically the Palazzo della Signoria, also known as the Palazzo Vecchio.
12|./dataset/i12_wiki.jpg|wiki|Milano|Duomo|The image shows a large, ornate cathedral with numerous spires and intricate architectural details. It is a famous landmark known for its Gothic architecture and is located in Milan, Italy.|Yes, the image shows the Milan Cathedral, also known as the Duomo di Milano, which is a famous landmark in Milan, Italy.
