5|./dataset/i5_wiki.jpg|wiki|Firenze|Replica del David|The subject captured in this picture is the statue of David, a famous sculpture by the Italian artist Michelangelo. The statue is located in front of the Palazzo Vecchio in Florence, Italy.|The subject captured in this picture is the statue of David, a famous sculpture by the Italian artist Michelangelo. The statue is located in front of the Palazzo Vecchio in Florence, Italy.
13|./dataset/i13_wiki.jpg|wiki|Torino|Mole Antonelliana|The subject captured in this picture is the Mole Antonelliana, a historic monument located in Turin, Italy. It is a tall, cylindrical tower with a dome and a spire, and it is known for its distinctive architecture and its role as a cultural and historical landmark.|The subject captured in this picture is the Mole Antonelliana, a historic monument located in Turin, Italy. It is a tall, cylindrical tower with a dome and a spire, and it is known for its distinctive architecture and its role as a cultural and historical landmark.
19|./dataset/i19_other.jpg|other|Roma|Colosseo|The subject captured in this picture is the Colosseum, an ancient amphitheater located in Rome, Italy. The Colosseum is one of the most iconic and well-preserved structures of ancient Roman architecture.|The subject captured in this picture is the Colosseum, which is located in Roma, Italy.
10|./dataset/i10_wiki.jpg|wiki|Firenze|Targhetta Bettino Ricasoli|The subject captured in this picture is a statue of Bettino Ricasoli, a prominent Italian politician and statesman, located in Florence, Italy. The statue is situated in a park or garden, surrounded by trees and a building in the background. The statue is mounted on a pedestal with inscriptions and relief sculptures.|The subject captured in this picture is a statue of Bettino Ricasoli, a prominent Italian politician and statesman, located in Florence, Italy. The statue is situated in a park or garden, surrounded by trees and a building in the background. The statue is mounted on a pedestal with inscriptions and relief sculptures.
9|./dataset/i9_flore.jpg|flore|Firenze|Meridiana Ponte Vecchio|The subject captured in this picture is a building located in a city with a clear blue sky in the background. The building appears to be part of a historic or architectural structure, possibly in a European city, given the style of the architecture and the presence of people walking on the street. The building has a rustic stone facade with a door and windows, and there is a statue or sculpture on top of the roof.|Yes, the subject captured in this picture is Firenze, also known as Florence, a city in Italy. The building in the picture appears to be part of the historic architecture of Florence, which is known for its beautiful old buildings and rich cultural heritage.
17|./dataset/i17_wiki_torri.jpg|wiki|Bologna|Torri/Portici|The subject captured in this picture is the Asinelli and Garisenda towers, also known as the Two Towers of Bologna. These towers are located in Bologna, Italy, and are part of the city's historical center. The towers are iconic landmarks and are known for their unique architecture and historical significance.|The subject captured in this picture is the Asinelli and Garisenda towers, also known as the Two Towers of Bologna. These towers are located in Bologna, Italy, and are part of the city's historical center. The towers are iconic landmarks and are known for their unique architecture and historical significance.
20|./dataset/i20_other.jpg|other|San Gimignano|Centro Storico|The subject captured in this picture is a medieval fortification, likely a castle or a fortified town wall. The structure features stone walls, towers, and buildings, with some vegetation growing on the walls. The setting appears to be in a historical or tourist area, possibly in a European country known for its medieval architecture.|Yes, the subject captured in this picture is San Gimignano, a medieval town in Tuscany, Italy, known for its well-preserved stone walls and towers. The image shows part of the town's fortification, which is a significant feature of San Gimignano's historical architecture.
7|./dataset/i7_wiki.jpeg|wiki|Firenze|Accademia delle belle arti|The subject captured in this picture is a building with a large banner advertising an event or exhibition. The banner reads "MOROSI" and includes some text and images. The building has a classical architectural style with arched windows and a stone facade. There are people and bicycles in the foreground, indicating it is a public space or a street in a city.|The subject captured in this picture is Firenze, also known as Florence, a city in Italy. The building in the picture is likely a historical or cultural site, possibly related to an art exhibition or event, given the banner advertising "MOROSI."
15|./dataset/i15_other.jpg|other|Palermo|Teatro Massimo|The subject captured in this picture is the Teatro Massimo Bellini, a renowned opera house located in Palermo, Sicily, Italy. The building is characterized by its grand architecture, including a large dome and columns, and is a significant cultural landmark.|No, the subject captured in this picture is not Palermo. The subject is the Teatro Massimo Bellini, an opera house located in Palermo, Sicily, Italy.
17|./dataset/i17_wiki_portici.jpg|wiki|Bologna|Torri/Portici|The subject captured in this picture is a row of colorful, historic buildings with arched doorways and balconies. The buildings have a warm, orange hue, and the scene is set during what appears to be either sunrise or sunset, given the soft lighting and long shadows. The architectural style suggests a European city, possibly in Italy or another Mediterranean country.|The subject captured in this picture is a row of colorful, historic buildings with arched doorways and balconies. The buildings have a warm, orange hue, and the scene is set during what appears to be either sunrise or sunset, given the soft lighting and long shadows. The architectural style suggests a European city, possibly in Italy or another Mediterranean country.
6|./dataset/i6_wiki.jpg|wiki|Firenze|Biancone Piazza Signoria|The subject captured in this picture is the Neptune Fountain, located in Florence, Italy. The fountain is a prominent landmark and features a central statue of Neptune, a Roman god of the sea, along with other sculptures and architectural elements. The surrounding buildings and the sky with clouds add to the historical and artistic ambiance of the scene.|The subject captured in this picture is the Neptune Fountain, located in Florence, Italy. The fountain is a prominent landmark and features a central statue of Neptune, a Roman god of the sea, along with other sculptures and architectural elements. The surrounding buildings and the sky with clouds add to the historical and artistic ambiance of the scene.
7|./dataset/i7_flore.jpg|flore|Firenze|Accademia delle belle arti|The subject captured in this picture is the entrance to the Accademia di Belle Arti e Liceo Artistico in Florence, Italy. The sign on the right side of the image indicates that this is not the entrance to the museum "David" is just next door.|The subject captured in this picture is the entrance to the Accademia di Belle Arti e Liceo Artistico in Florence, Italy. The sign on the right side of the image indicates that this is not the entrance to the museum "David" is just next door.
6|./dataset/i6_flore.jpg|flore|Firenze|Biancone Piazza Signoria|The subject captured in this picture is the Neptune Fountain (Fontana del Nettuno) located in Piazza della Signoria in Florence, Italy. The fountain is a prominent landmark and features a central statue of Neptune, surrounded by other statues and water jets.|The subject captured in this picture is the Neptune Fountain (Fontana del Nettuno) located in Piazza della Signoria in Florence, Italy. The fountain is a prominent landmark and features a central statue of Neptune, surrounded by other statues and water jets.
8|./dataset/i8_flore.jpg|flore|Firenze|Santissima Annunziata|The subject captured in this picture is the exterior of a building with a series of arches and a central doorway. The building features classical architectural elements, including columns and a pediment with inscriptions. The scene includes people walking and cycling in front of the building, and the ground is paved with stone.|The subject captured in this picture is the exterior of a building in Firenze (Florence), Italy. The building has a classical architectural style with arches and a central doorway, and the scene includes people walking and cycling in front of the building.
12|./dataset/i12_other.jpg|other|Milano|Duomo|The subject captured in this picture is the Duomo di Milano, also known as Milan Cathedral. It is a large, historic Gothic cathedral located in Milan, Italy. The cathedral is known for its intricate Gothic architecture, including detailed sculptures, stained glass windows, and spires.|Yes, the subject captured in this picture is the Duomo di Milano, which is located in Milano, Italy. The Duomo di Milano is a famous Gothic cathedral known for its impressive architecture and historical significance.
16|./dataset/i16_other.jpg|other|Palermo|Cattedrale|The subject captured in this picture is the Palermo Cathedral (Duomo di Palermo), a historic cathedral located in Palermo, Sicily, Italy. The cathedral is known for its intricate architecture, featuring elements of Norman, Byzantine, and Moorish styles. The image shows the exterior of the cathedral, including its large dome, bell tower, and the surrounding courtyard.|The subject captured in this picture is the Palermo Cathedral (Duomo di Palermo), a historic cathedral located in Palermo, Sicily, Italy. The cathedral is known for its intricate architecture, featuring elements of Norman, Byzantine, and Moorish styles. The image shows the exterior of the cathedral, including its large dome, bell tower, and the surrounding courtyard.
14|./dataset/i14_wiki.jpg|wiki|Napoli|Piazza Plebiscito|The subject captured in this picture is the Piazza del Plebiscito in Naples, Italy. The central feature is the Church of the Gesù Nuovo, also known as the Church of the Gesù Nuovo, which is a prominent Baroque church. The square is surrounded by various buildings and is a significant public space in the city.|The subject captured in this picture is the Piazza del Plebiscito in Naples, Italy. The square is a significant public space in the city, and the Church of the Gesù Nuovo is the prominent feature in the background.
4|./dataset/i4_wiki.jpg|wiki|Firenze|Uffizi|The subject captured in this picture is the Uffizi Gallery in Florence, Italy. The Uffizi Gallery is a renowned art museum known for its extensive collection of Renaissance art, including works by artists such as Leonardo da Vinci, Michelangelo, and Botticelli. The image shows the interior courtyard of the gallery, which is a popular spot for visitors to gather and enjoy the art and architecture.|The subject captured in this picture is the Uffizi Gallery in Florence, Italy. The Uffizi Gallery is a renowned art museum known for its extensive collection of Renaissance art, including works by artists such as Leonardo da Vinci, Michelangelo, and Botticelli. The image shows the interior courtyard of the gallery, which is a popular spot for visitors to gather and enjoy the art and architecture.
13|./dataset/i13_other.jpg|other|Torino|Mole Antonelliana|The subject captured in this picture is the Mole Antonelliana in Turin, Italy. This iconic building is a former synagogue and now serves as a museum and cultural center. The Mole Antonelliana is known for its distinctive spire and intricate architectural details.|The subject captured in this picture is the Mole Antonelliana in Turin, Italy. This iconic building is a former synagogue and now serves as a museum and cultural center. The Mole Antonelliana is known for its distinctive spire and intricate architectural details.
19|./dataset/i19_wiki.jpg|wiki|Roma|Colosseo|The subject captured in this picture is the Colosseum, an ancient amphitheater located in Rome, Italy. The Colosseum is one of the most iconic and well-preserved structures of ancient Roman architecture.|The subject captured in this picture is the Colosseum, not Roma. Roma is the name of the city where the Colosseum is located.
4|./dataset/i4_flore.jpg|flore|Firenze|Uffizi|The subject captured in this picture is the Uffizi Gallery in Florence, Italy. The image shows the entrance arch of the gallery, which is a prominent and historic building known for housing a vast collection of Renaissance art.|The subject captured in this picture is the Uffizi Gallery in Florence, Italy. The image shows the entrance arch of the gallery, which is a prominent and historic building known for housing a vast collection of Renaissance art.
2|./dataset/i2_wiki.jpg|wiki|Firenze|Ponte Vecchio|The subject captured in this picture is the Ponte Vecchio, a historic stone封闭式桥梁 located in Florence, Italy. The bridge spans the Arno River and is known for its unique architecture and the shops that line its upper level.|The subject captured in this picture is the Ponte Vecchio, a historic stone bridge located in Florence, Italy. The bridge spans the Arno River and is known for its unique architecture and the shops that line its upper level.
1|./dataset/i1_flore.jpg|flore|Firenze|Duomo - Firenze|The subject captured in this picture is the Florence Cathedral, also known as the Basilica of Santa Maria del Fiore, located in Florence, Italy. The cathedral is a prominent example of Gothic architecture and is one of the largest churches in the world.|The subject captured in this picture is the Florence Cathedral, also known as the Basilica of Santa Maria del Fiore, located in Florence, Italy.
3|./dataset/i3_wiki.jpg|wiki|Firenze|Battistero|The subject captured in this picture is the Baptistry of St. John (Battistero di San Giovanni) in Florence, Italy. This is a famous historical building known for its octagonal dome and intricate Gothic architecture.|The subject captured in this picture is the Baptistry of St. John (Battistero di San Giovanni) in Florence, Italy.
2|./dataset/i2_flore.jpg|flore|Firenze|Ponte Vecchio|The subject captured in this picture is the Ponte Vecchio, a historic stone封闭式拱桥 located in Florence, Italy. The bridge is famous for its shops and is one of the most iconic landmarks in the city.|The subject captured in this picture is the Ponte Vecchio, a historic stone bridge located in Florence, Italy. The bridge is famous for its shops and is one of the most iconic landmarks in the city.
18|./dataset/i18_wiki.jpg|wiki|Paestum|Tempio di Nettuno|The subject captured in this picture is an ancient Greek temple, specifically the Temple of Hera in Paestum, Italy. The temple is characterized by its Doric columns and the ruins of its roof and walls. The image shows the temple from a side angle, with a group of tourists standing in front of it, admiring the historical site.|The subject captured in this picture is the ancient Greek temple, specifically the Temple of Hera in Paestum, Italy. The temple is characterized by its Doric columns and the ruins of its roof and walls. The image shows the temple from a side angle, with a group of tourists standing in front of it, admiring the historical site.
1|./dataset/i1_wiki.jpg|wiki|Firenze|Duomo - Firenze|The subject captured in this picture is the Florence Cathedral, also known as the Basilica of Santa Maria del Fiore, located in Florence, Italy. The cathedral is a prominent example of Gothic architecture and is known for its large dome designed by Filippo Brunelleschi. The picture shows the cathedral at dusk, with the surrounding cityscape and distant hills visible in the background.|The subject captured in this picture is the Florence Cathedral, also known as the Basilica of Santa Maria del Fiore, located in Florence, Italy. The cathedral is a prominent example of Gothic architecture and is known for its large dome designed by Filippo Brunelleschi. The picture shows the cathedral at dusk, with the surrounding cityscape and distant hills visible in the background.
10|./dataset/i10_flore.jpg|flore|Firenze|Targhetta Bettino Ricasoli|The subject captured in this picture is a monument or statue. The base of the monument features a relief sculpture depicting a group of figures, possibly historical or significant individuals. The surrounding area includes trees, a sidewalk, and some street lamps, indicating that the monument is located in a public park or similar outdoor setting.|The subject captured in this picture is a monument or statue, not Firenze. Firenze is a city in Italy, and while it is possible that the monument could be located there, the specific details in the image do not provide enough information to confirm the location as Firenze.
16|./dataset/i16_wiki.jpg|wiki|Palermo|Cattedrale|The subject captured in this picture is the Palermo Cathedral, also known as the Cathedral of the Assumption of the Virgin Mary, located in Palermo, Sicily, Italy. The cathedral is a prominent example of Norman architecture and is known for its intricate stone carvings and grandeur.|I am not in Palermo, but I can provide information about the city and its attractions. Palermo is the capital city of the Italian region of Sicily and is known for its rich history, diverse culture, and beautiful architecture. Some of the notable landmarks in Palermo include the Palermo Cathedral, the Quattro Canti, and the Palazzo dei Normanni.
15|./dataset/i15_wiki.jpg|wiki|Palermo|Teatro Massimo|The subject captured in this picture is the Teatro Massimo Vincenzo Bellini, also known as the Teatro Massimo, located in Palermo, Sicily, Italy. It is a large opera house and one of the largest opera houses in the world.|No, the subject captured in this picture is the Teatro Massimo Vincenzo Bellini, not Palermo itself. Palermo is the city where the Teatro Massimo is located.
18|./dataset/i18_other.jpg|other|Paestum|Tempio di Nettuno|The subject captured in this picture is an ancient Greek temple, specifically the Temple of Athena, located in Paestum, Italy. The temple is characterized by its Doric columns and the remains of its roof structure. The clear blue sky and the surrounding greenery add to the historical and serene atmosphere of the site.|Paestum is an ancient Greek city-state located in the Campania region of southern Italy. It is known for its well-preserved temples, which are some of the best-preserved examples of Greek architecture outside of Greece itself. The temples in Paestum are dedicated to various gods and goddesses, including Athena, Poseidon, and Hera. The site is a UNESCO World Heritage Site and attracts many tourists and archaeologists from around the world.
11|./dataset/i11_other.jpg|other|Verona|Arena|The subject captured in this picture is the Arena di Verona, a famous Roman amphitheater located in Verona, Italy. The amphitheater is known for its historical significance and is often used for various events and performances.|I am not in Verona, but I can provide information about the Arena di Verona. The Arena di Verona is a Roman amphitheater located in Verona, Italy. It is one of the best-preserved Roman amphitheaters in the world and is known for its historical significance and its use for various events and performances.
20|./dataset/i20_wiki.jpg|wiki|San Gimignano|Centro Storico|The subject captured in this picture is the historic town of San Gimignano, located in Tuscany, Italy. The image prominently features the town's medieval towers, which are a significant part of its UNESCO World Heritage Site designation. The towers, along with the surrounding buildings and olive groves, provide a picturesque and iconic view of the town.|As an AI, I don't physically exist in any location. However, based on the image description, the subject captured in the picture is San Gimignano, a historic town in Tuscany, Italy, known for its medieval towers.
14|./dataset/i14_other.jpg|other|Napoli|Piazza Plebiscito|The subject captured in this picture is a large, historic building with a dome and columns, located in a spacious square. The building appears to be a significant architectural landmark, possibly a church or a public building. The surrounding area includes other buildings and a cobblestone plaza. The time of day seems to be either sunrise or sunset, given the lighting and the position of the sun in the sky.|The subject captured in this picture is the Piazza del Plebiscito in Naples, Italy. This is a well-known public square with a large, domed building at its center, which is the Basilica of San Francesco di Paola. The square is a significant landmark in Naples and is often used for public gatherings and events.
11|./dataset/i11_wiki.jpg|wiki|Verona|Arena|The subject captured in this picture is the Arena di Verona, a Roman amphitheater located in Verona, Italy. The amphitheater is a famous landmark known for its historical significance and its use for various events, including opera performances.|No, the subject captured in this picture is the Arena di Verona, a Roman amphitheater located in Verona, Italy.
3|./dataset/i3_flore.jpg|flore|Firenze|Battistero|The subject captured in this picture is the Baptistry of St. John (Battistero di San Giovanni) in Florence, Italy. This octagonal building is known for its distinctive black and white striped facade and is located in the Piazza del Duomo, near the Florence Cathedral (Duomo di Firenze).|The subject captured in this picture is the Baptistry of St. John (Battistero di San Giovanni) in Florence, Italy. This octagonal building is known for its distinctive black and white striped facade and is located in the Piazza del Duomo, near the Florence Cathedral (Duomo di Firenze).
5|./dataset/i5_flore.jpg|flore|Firenze|Replica del David|The subject captured in this picture is the statue of David, a famous sculpture by Michelangelo, located in front of the Palazzo Vecchio in Florence, Italy.|The subject captured in this picture is the statue of David, a famous sculpture by Michelangelo, located in front of the Palazzo Vecchio in Florence, Italy.
17|./dataset/i17_other.jpg|other|Bologna|Torri/Portici|The picture captures two tall brick towers, known as the Asinelli and Garisenda towers, located in Bologna, Italy. These towers are iconic landmarks of the city and are part of the Asinelli and Garisenda towers complex. The image also includes a part of a church spire in the background.|The subject captured in this picture is the Asinelli and Garisenda towers in Bologna, Italy. These towers are historical landmarks and are part of the Asinelli and Garisenda towers complex. The image also includes a part of a church spire in the background.
9|./dataset/i9_wiki.jpg|wiki|Firenze|Meridiana Ponte Vecchio|The subject captured in this picture is a historic building with a tiled roof and wooden shutters. The building appears to be part of an old town or city, with other buildings visible in the background. The architecture suggests a European style, possibly Italian, given the terracotta tiles and the overall aesthetic.|The subject captured in this picture is Firenze, also known as Florence, a city in Italy. The building in the foreground is a historic structure, likely from the Renaissance period, which is characteristic of Florence's rich architectural heritage.
8|./dataset/i8_wiki.jpg|wiki|Firenze|Santissima Annunziata|The subject captured in this picture is the Church of San Lorenzo in Florence, Italy. The building features a distinctive architectural style with a large arcade and a dome, which is characteristic of Renaissance architecture.|The subject captured in this picture is the Church of San Lorenzo in Florence, Italy. The building features a distinctive architectural style with a large arcade and a dome, which is characteristic of Renaissance architecture.
12|./dataset/i12_wiki.jpg|wiki|Milano|Duomo|The subject captured in this picture is the Milan Cathedral (Duomo di Milano), a famous Gothic cathedral located in Milan, Italy. The cathedral is known for its intricate Gothic architecture and is one of the largest churches in the world.|The subject captured in this picture is the Milan Cathedral (Duomo di Milano), a famous Gothic cathedral located in Milan, Italy. The cathedral is known for its intricate Gothic architecture and is one of the largest churches in the world.
